frame,gt_id,from_pred_id,to_pred_id
1070,2:22,2:22,2:23
1104,2:10,2:19,2:18
1106,2:10,2:18,2:8
1109,2:10,2:8,2:19
1116,2:10,2:19,2:8
1117,2:10,2:8,2:18
1118,2:15,2:8,2:18
1118,2:18,2:18,2:8
1122,2:10,2:18,2:19
1154,2:5,2:17,2:24
1158,2:22,2:23,2:22
1159,2:22,2:22,2:23
1162,2:3,2:9,2:24
1177,2:8,2:11,2:15
1177,2:21,2:15,2:26
1178,2:8,2:15,2:11
1179,2:8,2:11,2:26
1183,2:21,2:26,2:15
1231,2:19,2:7,2:1002
1235,2:5,2:24,2:3
1238,2:14,2:1,2:11
1239,2:9,2:3,2:11
1253,2:19,2:1002,2:7
1254,2:19,2:7,2:1002
1265,2:19,2:1002,2:7
1266,2:19,2:7,2:1002
1270,2:5,2:3,2:23
1274,2:5,2:23,2:3
1285,2:19,2:1002,2:25
1288,2:5,2:3,2:23
1288,2:19,2:25,2:1002
1291,2:5,2:23,2:3
1365,2:15,2:18,2:2
1369,2:16,2:2,2:22
1370,2:16,2:22,2:2
1378,2:15,2:2,2:22
1398,2:14,2:11,2:22
1405,2:19,2:1002,2:25
1454,2:6,2:10,2:18
1461,2:22,2:23,2:18
1462,2:14,2:22,2:10
1465,2:14,2:10,2:18
1470,2:14,2:18,2:22
1475,2:22,2:18,2:23
1478,2:2,2:20,2:23
1517,2:2,2:23,2:18
1522,2:6,2:18,2:20
1527,2:19,2:25,2:10
1528,2:2,2:18,2:20
1530,2:6,2:20,2:25
1533,2:17,2:6,2:7
1534,2:9,2:11,2:6
1542,2:15,2:22,2:18
1546,2:17,2:7,2:6
1547,2:9,2:6,2:7
1560,2:19,2:10,2:7
1632,2:15,2:18,2:20
1635,2:2,2:20,2:9
1640,2:15,2:20,2:6
1642,2:19,2:7,2:6
1644,2:15,2:6,2:20
1647,2:13,2:16,2:20
1654,2:15,2:20,2:18
1689,2:17,2:6,2:7
1700,2:7,2:4,2:1002
1737,2:7,2:1002,2:4
1737,2:9,2:7,2:3
1738,2:11,2:14,2:1001
1739,2:4,2:17,2:7
1740,2:17,2:7,2:10
1741,2:22,2:23,2:12
1742,2:22,2:12,2:23
1744,2:17,2:10,2:21
1745,2:17,2:21,2:17
1753,2:4,2:7,2:17
1757,2:17,2:17,2:11
1774,2:16,2:2,2:12
1774,2:20,2:5,2:1001
1776,2:11,2:1001,2:14
1792,2:15,2:18,2:2
1795,2:3,2:24,2:5
1796,2:9,2:3,2:13
1797,2:9,2:13,2:16
1798,2:9,2:16,2:7
1798,2:20,2:1001,2:5
1816,2:15,2:2,2:8
1819,2:20,2:5,2:1001
1828,2:20,2:1001,2:24
1851,2:20,2:24,2:1001
1888,2:20,2:1001,2:5
1895,2:11,2:14,2:6
1896,2:17,2:11,2:6
1908,2:20,2:5,2:14
1911,2:20,2:14,2:5
1912,2:19,2:6,2:14
1957,2:11,2:6,2:10
1958,2:20,2:5,2:1001
1966,2:13,2:20,2:21
1982,2:2,2:9,2:18
1987,2:2,2:18,2:2
1987,2:3,2:5,2:18
1987,2:15,2:8,2:20
2000,2:20,2:1001,2:5
2002,2:20,2:5,2:1001
2057,2:16,2:12,2:22
2101,2:13,2:21,2:12
2102,2:14,2:22,2:16
2110,2:20,2:1001,2:5
2113,2:13,2:12,2:21
2133,2:22,2:23,2:1
2143,2:7,2:4,2:1001
2164,2:7,2:1001,2:11
2175,2:11,2:10,2:1001
2176,2:4,2:17,2:4
2203,2:11,2:1001,2:10
2204,2:11,2:10,2:1001
2205,2:10,2:19,2:13
2208,2:11,2:1001,2:6
2208,2:17,2:6,2:21
2216,2:10,2:13,2:22
2218,2:6,2:25,2:12
2219,2:10,2:22,2:1
2219,2:14,2:16,2:12
2219,2:17,2:21,2:6
2220,2:5,2:3,2:21
2220,2:22,2:1,2:10
2221,2:5,2:21,2:20
2223,2:10,2:1,2:10
2227,2:10,2:10,2:24
2234,2:5,2:20,2:1001
2237,2:16,2:22,2:10
2239,2:6,2:12,2:10
2240,2:11,2:6,2:10
2250,2:14,2:12,2:11
2254,2:16,2:10,2:25
2256,2:5,2:1001,2:25
2258,2:14,2:11,2:24
2259,2:10,2:24,2:12
2262,2:10,2:12,2:25
2265,2:16,2:25,2:11
2269,2:16,2:11,2:24
2306,2:14,2:24,2:1
2309,2:22,2:10,2:13
2310,2:14,2:1,2:24
2310,2:16,2:24,2:1
2437,2:18,2:8,2:1
2451,2:14,2:24,2:13
2455,2:16,2:1,2:13
2463,2:14,2:13,2:8
2475,2:7,2:11,2:4
2477,2:7,2:4,2:11
2478,2:7,2:11,2:4
2481,2:22,2:13,2:12
2483,2:6,2:10,2:17
2489,2:4,2:4,2:9
2491,2:22,2:12,2:16
2496,2:5,2:25,2:1001
2499,2:16,2:13,2:1001
2500,2:4,2:9,2:19
2503,2:21,2:15,2:22
2519,2:22,2:16,2:15
2554,2:5,2:1001,2:3
2563,2:22,2:15,2:12
2568,2:7,2:4,2:1001
2573,2:16,2:1001,2:1002
2598,2:19,2:14,2:11
2606,2:2,2:2,2:9
2611,2:10,2:25,2:14
2613,2:19,2:11,2:1002
2616,2:17,2:6,2:25
2618,2:7,2:1001,2:4
2618,2:10,2:14,2:25
2619,2:19,2:1002,2:14
2621,2:2,2:9,2:15
2636,2:13,2:21,2:6
2638,2:13,2:6,2:21
2642,2:17,2:25,2:6
2647,2:18,2:1,2:13
2651,2:22,2:12,2:11
2652,2:8,2:26,2:11
2658,2:18,2:13,2:1
2698,2:18,2:1,2:13
2704,2:18,2:13,2:1
2711,2:6,2:17,2:19
2715,2:9,2:7,2:19
2726,2:7,2:4,2:17
2763,2:2,2:15,2:12
2764,2:18,2:1,2:23
2767,2:2,2:12,2:15
2779,2:18,2:23,2:1
2784,2:4,2:19,2:26
2785,2:4,2:26,2:23
2791,2:16,2:1002,2:13
2798,2:7,2:17,2:3
2801,2:7,2:3,2:26
2803,2:6,2:19,2:3
2811,2:4,2:23,2:4
2813,2:22,2:11,2:16
2822,2:5,2:3,2:10
2828,2:5,2:10,2:6
2852,2:10,2:25,2:9
2867,2:10,2:9,2:1003
2877,2:18,2:1,2:23
2878,2:10,2:1003,2:23
2903,2:21,2:22,2:15
2940,2:20,2:5,2:1
2950,2:2,2:15,2:1003
2954,2:10,2:23,2:25
2987,2:2,2:1003,2:5
3003,2:21,2:15,2:9
3007,2:10,2:25,2:1002
3008,2:10,2:1002,2:7
3012,2:14,2:8,2:15
3013,2:14,2:15,2:13
3013,2:16,2:13,2:1001
3014,2:18,2:23,2:15
3019,2:20,2:1,2:1003
3034,2:16,2:1001,2:13
3036,2:10,2:7,2:20
3037,2:14,2:13,2:20
3091,2:8,2:11,2:25
3099,2:15,2:20,2:7
3101,2:19,2:14,2:7
3113,2:15,2:7,2:23
3116,2:14,2:20,2:5
3117,2:14,2:5,2:20
3118,2:2,2:5,2:23
3118,2:14,2:20,2:5
3118,2:15,2:23,2:2
3119,2:7,2:26,2:22
3122,2:7,2:22,2:26
3151,2:6,2:3,2:11
3152,2:4,2:4,2:14
3155,2:17,2:6,2:14
3156,2:10,2:20,2:11
3169,2:22,2:16,2:6
3170,2:20,2:1003,2:1
3172,2:5,2:6,2:10
3174,2:5,2:10,2:1002
3188,2:11,2:10,2:22
3190,2:5,2:1002,2:22
3206,2:11,2:22,2:6
3223,2:11,2:6,2:3
3224,2:11,2:3,2:4
3225,2:5,2:22,2:6
3231,2:7,2:26,2:6
3233,2:22,2:6,2:16
3265,2:7,2:6,2:3
3266,2:3,2:18,2:8
3278,2:11,2:4,2:6
3294,2:5,2:6,2:1002
3295,2:7,2:3,2:6
3302,2:22,2:16,2:18
